review_id,company_id,created_by,created_at
1,5738,40485,05/07/2024 13:14
2,2288,52791,18/07/2024 20:54
3,2288,52791,18/07/2024 20:56
4,2288,52791,18/07/2024 21:03
5,2288,52791,18/07/2024 21:06
6,2288,52791,19/07/2024 12:37
7,2288,52791,19/07/2024 12:43
8,2288,52791,30/07/2024 16:39
9,2288,52791,30/07/2024 19:01
10,2288,52791,30/07/2024 19:09
11,2288,52791,30/07/2024 19:10
12,2288,52791,30/07/2024 19:18
13,2288,52791,02/08/2024 15:16
14,2288,52791,07/08/2024 19:58
15,2288,52791,07/08/2024 20:16
16,2288,52791,07/08/2024 21:08
17,2288,52791,07/08/2024 21:09
18,2288,52791,07/08/2024 21:15
19,2288,48208,07/08/2024 22:13
20,5048,36001,23/08/2024 12:27
21,4707,33581,26/08/2024 21:38
22,2288,52791,27/08/2024 10:18
23,2288,52791,27/08/2024 10:20
24,2288,52791,27/08/2024 11:23
25,2288,52791,28/08/2024 14:32
26,2288,52791,28/08/2024 14:38
27,9503,58411,28/08/2024 16:13
28,5048,36001,28/08/2024 17:15
29,2288,52791,29/08/2024 08:16
30,2288,52791,29/08/2024 08:23
31,2288,48208,29/08/2024 10:57
32,2288,48208,29/08/2024 11:05
33,2288,48208,29/08/2024 11:10
34,2288,52791,29/08/2024 15:42
35,2288,52791,29/08/2024 15:53
36,2288,52791,02/09/2024 10:15
37,2288,52791,03/09/2024 09:23
38,2288,52791,03/09/2024 09:32
39,2288,52791,03/09/2024 11:42
40,2288,52791,03/09/2024 13:08
41,2288,52791,04/09/2024 08:07
42,1248,9676,04/09/2024 14:42
43,7204,49319,06/09/2024 12:49
44,5220,32774,10/09/2024 11:19
45,5220,32774,10/09/2024 11:25
46,5220,32774,10/09/2024 12:11
47,5220,32774,10/09/2024 12:11
48,5220,32774,10/09/2024 12:21
49,5220,32774,10/09/2024 15:01
50,5220,32774,10/09/2024 15:08
51,9280,57424,11/09/2024 11:46
65,2288,52791,12/09/2024 10:40
66,9800,59405,12/09/2024 12:38
67,9800,59405,12/09/2024 14:33
68,8450,53731,12/09/2024 14:39
69,9800,59405,12/09/2024 14:41
70,9800,59405,12/09/2024 14:45
71,9503,58411,13/09/2024 12:06
72,2288,52791,16/09/2024 08:15
73,2288,48208,16/09/2024 10:07
74,2288,52791,17/09/2024 08:29
75,2288,52791,17/09/2024 09:49
76,8450,53731,19/09/2024 14:25
77,8450,53731,19/09/2024 15:54
78,2288,52791,25/09/2024 09:22
79,2288,52791,25/09/2024 10:02
80,9835,59568,25/09/2024 16:26
81,2288,52791,26/09/2024 15:17
82,2288,52791,04/10/2024 08:18
83,9835,59568,04/10/2024 13:57
84,2288,52791,08/10/2024 11:50
85,5953,42208,09/10/2024 15:09
86,5953,42208,10/10/2024 14:10
87,1371,59974,16/10/2024 12:49
88,9800,59405,22/10/2024 12:23
89,9800,59405,22/10/2024 12:33
